INSERT INTO AUTHORS(ID, FULLNAME, DOB) VALUES(1, 'Joshua J. Bloch', PARSEDATETIME('28.08.1961', 'dd.mm.yyyy'));
INSERT INTO AUTHORS(ID, FULLNAME, DOB) VALUES(2, 'Агата Кристи', PARSEDATETIME('15.09.1890', 'dd.mm.yyyy'));
INSERT INTO AUTHORS(ID, FULLNAME, DOB) VALUES(3, 'Илья Ильф', PARSEDATETIME('03.10.1897', 'dd.mm.yyyy'));
INSERT INTO AUTHORS(ID, FULLNAME, DOB) VALUES(4, 'Евгений Петров', PARSEDATETIME('30.11.1902', 'dd.mm.yyyy'));

INSERT INTO GENRES(ID, NAME) VALUES(1, 'Программирование');
INSERT INTO GENRES(ID, NAME) VALUES(2, 'Java');
INSERT INTO GENRES(ID, NAME) VALUES(3, 'Детектив');
INSERT INTO GENRES(ID, NAME) VALUES(4, 'Сатира');

INSERT INTO BOOKS(ID, TITLE) VALUES(1, 'Effective Java: Programming Language Guide');
INSERT INTO BOOKS_AUTHORS(BOOK_ID, AUTHOR_ID) VALUES (1, 1);
INSERT INTO BOOKS_GENRES(BOOK_ID, GENRE_ID) VALUES (1, 1);
INSERT INTO BOOKS_GENRES(BOOK_ID, GENRE_ID) VALUES (1, 2);

INSERT INTO BOOKS(ID, TITLE) VALUES(2, 'Убийство в «Восточном экспрессе»');
INSERT INTO BOOKS_AUTHORS(BOOK_ID, AUTHOR_ID) VALUES (2, 2);
INSERT INTO BOOKS_GENRES(BOOK_ID, GENRE_ID) VALUES (2, 3);

INSERT INTO BOOKS(ID, TITLE) VALUES(3, 'Двенадцать стульев');
INSERT INTO BOOKS_AUTHORS(BOOK_ID, AUTHOR_ID) VALUES (3, 3);
INSERT INTO BOOKS_AUTHORS(BOOK_ID, AUTHOR_ID) VALUES (3, 4);
INSERT INTO BOOKS_GENRES(BOOK_ID, GENRE_ID) VALUES (3, 4);


INSERT INTO COMMENTS(ID, BOOK_ID, TEXT) VALUES(1, 1, 'Comment 1');
INSERT INTO COMMENTS(ID, BOOK_ID, TEXT) VALUES(2, 1, 'Comment 2');
INSERT INTO COMMENTS(ID, BOOK_ID, TEXT) VALUES(3, 1, 'Comment 3');
INSERT INTO COMMENTS(ID, BOOK_ID, TEXT) VALUES(4, 1, 'Comment 4');
INSERT INTO COMMENTS(ID, BOOK_ID, TEXT) VALUES(5, 1, 'Comment 5');
INSERT INTO COMMENTS(ID, BOOK_ID, TEXT) VALUES(6, 1, 'Comment 6');