INSERT INTO AUTHORS(ID, FULLNAME, DOB) VALUES(1, 'Author 1', PARSEDATETIME('01.01.1901', 'dd.mm.yyyy'));
INSERT INTO AUTHORS(ID, FULLNAME, DOB) VALUES(2, 'Author 2', PARSEDATETIME('02.02.1902', 'dd.mm.yyyy'));
INSERT INTO AUTHORS(ID, FULLNAME, DOB) VALUES(3, 'Author 3', PARSEDATETIME('03.03.1903', 'dd.mm.yyyy'));
INSERT INTO AUTHORS(ID, FULLNAME, DOB) VALUES(4, 'Author 4', PARSEDATETIME('04.04.1904', 'dd.mm.yyyy'));

INSERT INTO GENRES(ID, NAME) VALUES(1, 'genre 1');
INSERT INTO GENRES(ID, NAME) VALUES(2, 'genre 2');
INSERT INTO GENRES(ID, NAME) VALUES(3, 'genre 3');


INSERT INTO BOOKS(ID, TITLE) VALUES(1, 'Simple book');
INSERT INTO BOOKS_AUTHORS(BOOK_ID, AUTHOR_ID) VALUES (1, 1);
INSERT INTO BOOKS_GENRES(BOOK_ID, GENRE_ID) VALUES (1, 1);

INSERT INTO BOOKS(ID, TITLE) VALUES(2, 'Book with 2 genres');
INSERT INTO BOOKS_AUTHORS(BOOK_ID, AUTHOR_ID) VALUES (2, 2);
INSERT INTO BOOKS_GENRES(BOOK_ID, GENRE_ID) VALUES (2, 1);
INSERT INTO BOOKS_GENRES(BOOK_ID, GENRE_ID) VALUES (2, 2);

INSERT INTO BOOKS(ID, TITLE) VALUES(3, 'Book with 3 genres by 2 authors');
INSERT INTO BOOKS_AUTHORS(BOOK_ID, AUTHOR_ID) VALUES (3, 3);
INSERT INTO BOOKS_AUTHORS(BOOK_ID, AUTHOR_ID) VALUES (3, 4);
INSERT INTO BOOKS_GENRES(BOOK_ID, GENRE_ID) VALUES (3, 1);
INSERT INTO BOOKS_GENRES(BOOK_ID, GENRE_ID) VALUES (3, 2);
INSERT INTO BOOKS_GENRES(BOOK_ID, GENRE_ID) VALUES (3, 3);

INSERT INTO COMMENTS(ID, BOOK_ID, TEXT) VALUES(1, 3, 'Comment 1');
INSERT INTO COMMENTS(ID, BOOK_ID, TEXT) VALUES(2, 3, 'Comment 2');